interval_index,start_comment_event_idx,end_comment_event_idx,interval_mean,n_records
0,25,48,-63.237781277229864,22
1,48,77,74.52455792184745,28
2,77,245,32.48494259723801,167
3,245,277,2.0089826318485255,31
4,277,346,30.19092492334851,68
