interval_index,start_comment_event_idx,end_comment_event_idx,interval_mean,n_records
0,25,48,-63.237781277229864,22
1,48,77,74.52455792184745,28
2,77,245,32.48494259723801,167
3,245,277,2.0089826318485255,31
4,277,346,30.19092492334851,68
5,346,397,33.35514130247353,50
6,397,448,6.6819975652084125,50
7,448,569,43.665186210465556,120
8,569,621,58.218114674676784,51
