{
  "intercept": 69.51780171285877,
  "coefficients": [
    13.298088608016437,
    0.7222028679320464,
    -0.002205696292460136,
    -1115.6860600657706,
    -20.982845730609725,
    2.3982585883229555,
    4.587709027330063,
    -0.5409918276956464,
    6.959013828454677,
    -6.418022000750191
  ],
  "feature_names": [
    "budget_log",
    "eligible",
    "period",
    "avg_vol",
    "avg_logcap",
    "avg_pt",
    "psize",
    "risk_cons",
    "risk_mod",
    "risk_aggr"
  ]
}