{
  "intercept": -227.27844979903315,
  "coefficients": [
    -4.699173547678602,
    0.8017473673055283,
    5.963232504896051,
    306.1735391708061,
    5.770919044434388,
    6.239460856169143,
    27.518989176745226,
    30.50570376653314,
    -27.471955822494078,
    -3.0337479440388835
  ],
  "feature_names": [
    "budget_log",
    "eligible",
    "period",
    "avg_vol",
    "avg_logcap",
    "avg_pt",
    "psize",
    "risk_cons",
    "risk_mod",
    "risk_aggr"
  ]
}