{
  "intercept": -618.7070974826144,
  "coefficients": [
    -51.40777830295891,
    0.3289178657119595,
    40.506136684633205,
    2652.157606687512,
    83.33193113023303,
    -6.051643337192906,
    18.603576813364874,
    -43.81718795413595,
    -6.98898731093465,
    50.80617526512697
  ],
  "feature_names": [
    "budget_log",
    "eligible",
    "period",
    "avg_vol",
    "avg_logcap",
    "avg_pt",
    "psize",
    "risk_cons",
    "risk_mod",
    "risk_aggr"
  ]
}