{
  "intercept": -1041.4701116643923,
  "coefficients": [
    6.775209420308445,
    0.20571082567659965,
    61.301776312766705,
    5536.548550398647,
    62.40457730081692,
    5.172984457185251,
    5.95964426176819,
    31.377945626582147,
    -40.24596084074909,
    8.868015214292104
  ],
  "feature_names": [
    "budget_log",
    "eligible",
    "period",
    "avg_vol",
    "avg_logcap",
    "avg_pt",
    "psize",
    "risk_cons",
    "risk_mod",
    "risk_aggr"
  ]
}