{
  "OKTA": 694.9360747213019,
  "CG": 58.473986827496375,
  "CRM": 361.87602362342074,
  "PH": 7.190235417991969,
  "BSX": 42.53604154975679,
  "TWLO": 1023.6716564226523,
  "BX": 209.25306310087353,
  "SHW": 55.80508328023705,
  "MMM": 122.46408321466645,
  "PYPL": 15.307115111501627,
  "XEL": 0.0,
  "DHR": 13.445621948000051,
  "OXY": 535.1593179847401,
  "KMI": 207.70345687539648,
  "C": 58.33402572448813,
  "MO": 237.25645378941763,
  "PG": 0.0,
  "ZM": 192.68741967995427,
  "ISRG": 27.015788622013545,
  "PCAR": 10.005984173309306,
  "AMZN": 594.4345492973079,
  "ARES": 52.794361641705216,
  "DOCU": 98.13031498093233,
  "GOOG": 28.391284032619076,
  "ETN": 17.702142566468964,
  "ESTC": 8.34414935051899,
  "CRWD": 103.33592609817985,
  "TEAM": 592.2440896485099,
  "WM": 0.13773873980879472,
  "DXCM": 4991.071390938158,
  "MLM": 5.338517615829541,
  "UNH": 80.36277814300192,
  "AMGN": 2.060732082805891,
  "ABT": 0.8472923948881256,
  "VMC": 7.389205192692009,
  "DE": 32.08656464474953,
  "GIS": 37.9417099891574,
  "TTWO": 627.3850988799951,
  "LOW": 66.24875714735498,
  "LEN": 358.61037394581234,
  "CB": 2.3985715185191556,
  "KKR": 118.23640500018662,
  "PSX": 155.55908703922177,
  "EXC": 24.573333801384067,
  "MSFT": 5.961501644163846,
  "LLY": 109.79649341722656,
  "ABBV": 39.159696429225676,
  "MU": 183.55215021682574,
  "COF": 37.30008343502828,
  "COIN": 52.661537150579676,
  "TECH": 35.90491594164408,
  "BKNG": 133.81400922266144,
  "DUK": 3.9996111232616713,
  "ICE": 1.7620946988098396,
  "DASH": 28.934882701920454,
  "APO": 953.2165496647114,
  "NFLX": 2416.2873290081548,
  "WELL": 18.551349873245062,
  "LMT": 45.89587942907209,
  "ACN": 2.3021525506735228,
  "EOG": 202.4537874258736,
  "NOC": 93.01393133475787,
  "MRK": 43.357816067498455,
  "BMY": 116.8377071754776,
  "PFE": 65.59575036674556,
  "JNJ": 0.0,
  "NEM": 59.22178731511583,
  "REGN": 3215.3773463795296,
  "NSC": 1.4913620144852406,
  "AMAT": 74.20839290750547,
  "ROST": 235.47282898197602,
  "AAPL": 189.12567723581375,
  "HD": 84.98374622537459,
  "BAC": 403.3028351126491,
  "CSX": 21.08055296431146,
  "CMCSA": 1236.7814341595515,
  "MPC": 616.2313205383189,
  "EQIX": 75.22661271369823,
  "MA": 194.7942913563929,
  "AMD": 17686.845311636444,
  "COR": 39.034746192986425,
  "XOM": 144.39107393566988,
  "VRTX": 81.75048358269112,
  "TMO": 4.465598088222699,
  "CVX": 19.492764395254927,
  "LRCX": 46.61657436120792,
  "KLAC": 132.1710959736322,
  "CMI": 155.72212780827317,
  "DHI": 42.85928461622746,
  "MRNA": 85636.67833710146,
  "LCID": 257.90439140279017,
  "DIS": 18.62764544484413,
  "MDT": 0.0,
  "VLO": 299.9574866428427,
  "NVDA": 44258.36923129874,
  "MCD": 10.929293359370488,
  "K": 0.0,
  "CMG": 5006.792990502416,
  "NKE": 110.20072233772758,
  "ORLY": 2202.1499299019033,
  "MCK": 38.77803070990961,
  "TJX": 356.76757348264465,
  "AZO": 4.3367938193274815,
  "NUE": 929.431562802374,
  "CAT": 6.2397860471762625,
  "FSLR": 53.68170991893085,
  "AVGO": 737.5137807763496,
  "BIIB": 895.521786416995,
  "GILD": 1980.8688674852494,
  "ILMN": 526.6472330465398,
  "BNTX": 5201.735079059214,
  "ENPH": 549304.3600006733,
  "ETSY": 5494.174182208075,
  "INTU": 0.8291864451321579,
  "NET": 120.53167002190547,
  "UBER": 26.81605769283603,
  "NOW": 163.02798641039485,
  "AXP": 33.05369331093654,
  "SBUX": 2384.7078290504555,
  "MAR": 26.112078074975482,
  "WMT": 124.74340226236504,
  "GS": 10.750150061014917,
  "GE": 685.5678600244884,
  "ROKU": 2550.945266812029,
  "F": 4169.103875551916,
  "FCX": 6041.655196538617,
  "ZS": 468.4846957144017,
  "V": 218.03606743611874,
  "TSLA": 7081.498025432757,
  "RBLX": 84.1197126663303,
  "BA": 32.15507024075113,
  "TMUS": 345.77570308651497,
  "CDNS": 12.344215013652404,
  "HCA": 222.4872916021924,
  "SLB": 235.85988961782522,
  "PSA": 27.928546412045208,
  "GOOGL": 29.06822238768726,
  "RTX": 52.794956617959386,
  "EBAY": 21.663867654028113,
  "RMD": 7.928482647843991,
  "SO": 6.049446477254178,
  "UNP": 7.573816812327689,
  "SOFI": 504.5658550619712,
  "ADBE": 46.05930974734784,
  "SBAC": 7.650512502952906,
  "BK": 72.30406406752964,
  "AFRM": 295.3541009965116,
  "MS": 39.307672163676436,
  "PM": 15.293163599703625,
  "FDX": 1.0951873681608302,
  "SPG": 88.46939786995067,
  "DD": 771.7882055909876,
  "PANW": 107.39205779027202,
  "VEEV": 303.3841004033321,
  "SNPS": 3.8563409192231517,
  "PLTR": 5191.272802149912,
  "JPM": 16.60999788810475,
  "PLUG": 262811.3462581414,
  "EW": 1305.5177685891497,
  "SRE": 0.0,
  "MDB": 13244.842062961747,
  "COP": 655.0776623860621,
  "SCHW": 303.2165300758915,
  "SHOP": 18867.503024165137,
  "META": 275.0623859361404
}