{
  "AMD": 13359.454896490266,
  "NVDA": 48038.524453484315,
  "EOG": 223.70635613837084,
  "DOCU": 198.36316222895235,
  "CSX": 22.422223368284783,
  "ZM": 559.325434936419,
  "GIS": 21.828839355518692,
  "BSX": 20.0548391647957,
  "YUM": 0.699304122063018,
  "NSC": 0.7031454796281639,
  "K": 2.5575477745729516,
  "TJX": 168.2083250985956,
  "MA": 94.0620685585727,
  "LCID": 121.59643683409585,
  "BAC": 209.2737114974981,
  "MO": 120.99326600967848,
  "WM": 0.06494088713910472,
  "MRK": 22.3300307951939,
  "MPC": 728.4272926289585,
  "CMCSA": 583.1161490441268,
  "PSA": 13.167715800374026,
  "CDNS": 5.820034909098655,
  "CRWD": 349.45417082038193,
  "PG": 0.0,
  "VLO": 146.92914501128024,
  "PFE": 30.92700156314124,
  "AXP": 15.58411358936398,
  "EXC": 14.472996194705342,
  "MRNA": 82284.80933892948,
  "F": 4406.4668848165775,
  "JNJ": 0.0,
  "FDX": 0.5163575575806474,
  "ENPH": 598135.774301411,
  "PEG": 0.9843347037354926,
  "GS": 5.068467177860969,
  "ISRG": 12.737369909958087,
  "APO": 512.364423502499,
  "FSLR": 228.5329427499892,
  "SBAC": 3.607053975521057,
  "ROST": 264.60442807980655,
  "AMGN": 0.9715913605656821,
  "META": 345.3652703228171,
  "KMI": 113.42576998229684,
  "MLM": 25.92732995096687,
  "JPM": 7.831260832860485,
  "PCAR": 4.717608784693247,
  "NEM": 27.921813511186453,
  "ZS": 483.6342873173362,
  "COP": 2959.2977313163146,
  "XEL": 0.0,
  "ROKU": 4120.6610610083535,
  "BK": 35.444683636611394,
  "MAR": 27.401848220802027,
  "BX": 117.77490133509093,
  "PLUG": 367377.71567241434,
  "TSLA": 5876.870407920264,
  "WMT": 70.9050231972084,
  "CB": 1.1308754711670275,
  "SO": 3.913820046792735,
  "PYPL": 44.67886387627428,
  "TWLO": 960.1788172005298,
  "AVGO": 1374.791578174443,
  "COST": 8.541169012466733,
  "DASH": 13.642181963746026,
  "TEAM": 406.30805281755966,
  "EW": 1274.3451923047885,
  "TMO": 2.105434548467933,
  "ICE": 0.8307901838123085,
  "KLAC": 62.31586145328858,
  "ESTC": 17.65597217086671,
  "SOFI": 288.5263044020891,
  "TTWO": 1109.2103302861356,
  "PM": 7.2104014651715485,
  "BMY": 55.08649466233881,
  "NKE": 51.95729743074954,
  "HCA": 104.89802733697212,
  "SCHW": 142.96014676556595,
  "ADBE": 21.715985206193928,
  "BA": 86.5915959974104,
  "DHI": 96.855401043263,
  "AZO": 29.613239369411975,
  "AFRM": 296.86391224037914,
  "IDXX": 2.6460527041345703,
  "LRCX": 70.20535364314172,
  "MU": 116.05360755160923,
  "ACN": 1.0854159779436654,
  "SBUX": 1341.7044270483595,
  "ARES": 55.13358023727567,
  "MS": 18.53273164271569,
  "MSFT": 2.8107212683276726,
  "BIIB": 573.8481544525893,
  "CRM": 324.5331100818765,
  "DLR": 31.923927207503514,
  "FCX": 4263.075241516627,
  "LOW": 70.25134371751639,
  "HD": 46.90852402745776,
  "SHOP": 11790.246917325023,
  "TECH": 16.928404435398146,
  "LLY": 368.65351978769127,
  "ABBV": 18.46296423026779,
  "O": 1.1163101375612567,
  "TMUS": 196.76622229365734,
  "PLTR": 17406.147708462973,
  "OKTA": 892.2959360134682,
  "SLB": 168.8331407976824,
  "SNPS": 1.818182747662917,
  "CG": 28.838197301887188,
  "OXY": 1011.1950518332721,
  "RTX": 24.891699488468177,
  "CVX": 26.255840315776492,
  "COIN": 159.56028955738304,
  "SHW": 38.25036814402418,
  "COF": 17.586196243670692,
  "CMG": 4317.0836415406475,
  "RBLX": 39.660655920196376,
  "MCK": 51.545652010309176,
  "EBAY": 10.214052969191657,
  "ETSY": 3400.6247150610643,
  "LEN": 350.20250292482945,
  "AAPL": 155.2142267405184,
  "GILD": 1273.0854117084268,
  "DUK": 1.8857316025731439,
  "BNTX": 4590.2401254872675,
  "GOOGL": 14.129008689207657,
  "NOC": 102.48195337618247,
  "V": 102.79936978717093,
  "ORLY": 1109.0371044559051,
  "VRTX": 267.1964503286471,
  "COR": 18.4040528506452,
  "AMZN": 667.6339643267488,
  "DXCM": 2509.3807148171077,
  "WELL": 8.746567015705542,
  "DHR": 57.939919111874886,
  "NUE": 958.3331904699526,
  "GE": 520.753779882765,
  "NFLX": 1995.0358177943983,
  "UNP": 3.570893588139397,
  "GOOG": 13.385886749479726,
  "VEEV": 464.16630158073104,
  "CMI": 79.96121166521195,
  "C": 27.503252797305795,
  "AMAT": 140.00080071874294,
  "MDT": 0.0,
  "DE": 41.4960513348221,
  "XOM": 150.9096983572576,
  "MCD": 35.80844220354269,
  "PANW": 608.1785550122332,
  "DIS": 8.782538755473926,
  "SRE": 0.0,
  "VMC": 3.4838531348001913,
  "LMT": 66.8275413160935,
  "INTU": 0.3909437782380863,
  "ABT": 0.39948034856885006,
  "REGN": 3167.7417837451108,
  "MDB": 12149.3972505677,
  "CAT": 2.941926447304116,
  "SPG": 41.711440008181185,
  "UNH": 51.93263151900902,
  "ETN": 8.346183826897455,
  "EQIX": 134.91773715317507,
  "RMD": 3.738110988475228,
  "PH": 3.39004311663954,
  "NET": 406.095786475134,
  "BKNG": 675.0465028358136,
  "NOW": 112.33311783637882,
  "MMM": 65.20316155028077,
  "ILMN": 248.3029725034066,
  "KKR": 126.46222905398056,
  "UBER": 32.98910084184185,
  "DD": 363.8817287289873,
  "PSX": 82.56676508536304
}