{
  "VMC": 3.6998393722179546,
  "SCHW": 151.8231564866564,
  "TEAM": 431.49767596326564,
  "VEEV": 480.1018870365182,
  "DD": 386.4410739172719,
  "IDXX": 2.810098358604415,
  "LLY": 385.94871565830175,
  "JNJ": 0.0,
  "PANW": 645.8834158925979,
  "C": 29.208354550620758,
  "MAR": 29.100663258779523,
  "K": 2.716106444950962,
  "DE": 44.06865576121867,
  "NUE": 981.8798064644797,
  "SBUX": 1424.8852270741186,
  "VRTX": 283.7616595165414,
  "LMT": 47.535546723773315,
  "ZM": 594.0015798568907,
  "ABBV": 19.607600936057914,
  "AMD": 14187.692564784147,
  "FCX": 4527.370418614212,
  "FDX": 0.5483698502086101,
  "PH": 3.600213473745869,
  "AMZN": 520.7681831130595,
  "ICE": 0.8822961569237505,
  "TTWO": 1084.151332658037,
  "CG": 30.626060764593955,
  "DUK": 2.002640111014875,
  "BKNG": 453.68771574916497,
  "MU": 123.24850959367458,
  "ETSY": 3611.4510928262716,
  "SHW": 27.94209105118957,
  "GIS": 23.182148090752055,
  "CRM": 254.34153514185888,
  "BNTX": 4874.818336791488,
  "KMI": 120.45775564207517,
  "NOW": 119.2973630327473,
  "COP": 2465.824541033852,
  "ENPH": 635218.0192634196,
  "F": 3851.0833166860884,
  "SNPS": 1.9309034725071703,
  "WELL": 9.288822394146713,
  "MRNA": 87386.16857483555,
  "COR": 19.545037264925483,
  "GOOGL": 15.00495589683869,
  "ISRG": 13.527040569139828,
  "KKR": 134.30242781436806,
  "LRCX": 74.55783051092313,
  "UBER": 35.03430524367242,
  "MPC": 685.2431747570198,
  "PG": 0.0,
  "COIN": 169.45244782276424,
  "GOOG": 14.215763096631262,
  "NEM": 29.652864508118757,
  "MMM": 69.24552068141426,
  "AVGO": 1460.0236613634365,
  "GILD": 1352.0120820779905,
  "TECH": 17.977904009006753,
  "BIIB": 609.4246552216006,
  "BA": 91.95996035946102,
  "XOM": 138.7404691008193,
  "SOFI": 306.41388705055607,
  "CB": 1.2009856418758778,
  "WM": 0.06896698620959585,
  "UNH": 55.15226600042557,
  "PCAR": 5.010083390134189,
  "JPM": 8.316770553299271,
  "LCID": 129.13497415441523,
  "AMGN": 1.0318264951010598,
  "O": 1.1855173105028307,
  "RBLX": 42.11947249893111,
  "REGN": 3364.130265839198,
  "LEN": 183.54855683456051,
  "AFRM": 303.7701087032438,
  "APO": 544.129156324789,
  "CVX": 27.8836070271225,
  "ESTC": 18.750578300799603,
  "FSLR": 242.70115493365518,
  "PSX": 77.88978921619487,
  "BX": 125.07651733822172,
  "DOCU": 210.66095762800487,
  "RTX": 26.43489442448439,
  "ETN": 8.86361690223631,
  "KLAC": 66.17921846805388,
  "ROST": 281.00894130516497,
  "SPG": 44.29739774981268,
  "PFE": 32.84436330135908,
  "TWLO": 1019.7064155093699,
  "MS": 19.681693674610546,
  "HCA": 111.40132393427766,
  "AXP": 16.55027201436624,
  "OKTA": 900.2528069790744,
  "WMT": 75.30087703542209,
  "YUM": 0.7426584370386936,
  "NET": 431.272249878779,
  "DASH": 14.487947683054104,
  "PSA": 13.984066341302414,
  "MLM": 11.775055782050066,
  "XEL": 0.0,
  "AZO": 31.449152624554884,
  "MO": 128.49440893022117,
  "CAT": 3.1243151989325524,
  "NKE": 55.178461109082036,
  "CMG": 4584.727143225632,
  "DIS": 9.327024251094365,
  "NOC": 49.579034277411075,
  "CRWD": 371.11905983407087,
  "SLB": 163.76145555702718,
  "META": 322.2527497844979,
  "MDB": 12690.561090224934,
  "BK": 37.6421252505139,
  "SRE": 0.0,
  "AAPL": 164.8369449006267,
  "ARES": 58.55166191008488,
  "EXC": 15.370269377960607,
  "CDNS": 6.1808559291065315,
  "ORLY": 1177.7933757680876,
  "COF": 18.676476519615406,
  "SO": 4.156462670671728,
  "DHI": 98.14010017625003,
  "DHR": 35.62295211522319,
  "TMUS": 178.69916716630354,
  "ACN": 1.15270782522833,
  "MDT": 0.0,
  "DLR": 33.903094713811925,
  "TSLA": 6241.215022370061,
  "PYPL": 47.44879111699028,
  "COST": 9.070690460924027,
  "ZS": 513.617856073567,
  "TMO": 2.2359638413679432,
  "VLO": 150.1913250656956,
  "NSC": 0.746737944817115,
  "BMY": 58.50165720056519,
  "RMD": 3.96986028909466,
  "PM": 7.657420160413775,
  "GS": 5.382693728999554,
  "EW": 1353.3499644945073,
  "ROKU": 4376.12707630929,
  "DXCM": 2664.953202482587,
  "CMCSA": 619.2672318069194,
  "OXY": 983.0397209416761,
  "NVDA": 38141.595386269735,
  "MCK": 54.74129516809415,
  "EBAY": 10.84728714532979,
  "EQIX": 143.2821466966055,
  "UNP": 3.7922760174436894,
  "AMAT": 113.97584160289006,
  "NFLX": 1911.5174502293335,
  "V": 109.17255724087268,
  "SHOP": 12521.199391888922,
  "EOG": 198.2896883220381,
  "HD": 49.81668209712688,
  "ILMN": 263.69685470669094,
  "BSX": 21.29816633319857,
  "ABT": 0.4242466788563841,
  "BAC": 201.93724079453912,
  "CMI": 77.97142514873185,
  "ADBE": 23.06229739417157,
  "GE": 553.0386223218555,
  "MCD": 38.028435527049474,
  "PLTR": 17577.475180582514,
  "MRK": 21.709635988802823,
  "INTU": 0.4151808721787212,
  "CSX": 23.81231975652825,
  "SBAC": 3.830678217471273,
  "TJX": 178.63663014896713,
  "LOW": 74.60667180282573,
  "PLUG": 390153.79935016896,
  "MSFT": 2.9849757755318045,
  "MA": 99.89357507897117
}