{
  "scores": {
    "DASH": {
      "low": 0.0,
      "high": 0.0,
      "medium": 3.4785317053036944
    },
    "LYFT": {
      "low": 0.0,
      "medium": 10.049104110402808,
      "high": 0.0
    },
    "ZTS": {
      "medium": 11.89522301251438,
      "low": 0.0,
      "high": 0.0
    },
    "GIS": {
      "high": 0.0,
      "medium": 0.0,
      "low": 28.66499130279251
    },
    "SBUX": {
      "low": 33.561193457961295,
      "high": 0.0,
      "medium": 0.0
    },
    "MMM": {
      "high": 0.0,
      "low": 10.2714018084582,
      "medium": 0.0
    },
    "SO": {
      "low": 6.85742348618059,
      "medium": 0.0,
      "high": 0.0
    },
    "JNJ": {
      "high": 0.0,
      "medium": 0.0,
      "low": 4.720829535576205
    },
    "WM": {
      "high": 0.0,
      "medium": 0.0,
      "low": 5.39971499913806
    },
    "ORCL": {
      "medium": 7.828519753096789,
      "high": 0.0,
      "low": 0.0
    },
    "GOOG": {
      "low": 0.4939963446110305,
      "medium": 0.0,
      "high": 0.0
    },
    "COP": {
      "medium": 0.0,
      "high": 0.0,
      "low": 29.31466875177889
    },
    "COIN": {
      "high": 0.0,
      "medium": 10.18484993087213,
      "low": 0.0
    },
    "DDOG": {
      "medium": 0.0,
      "high": 8.772103440537057,
      "low": 0.0
    },
    "ABBV": {
      "high": 0.0,
      "medium": 0.0,
      "low": 9.597473860283367
    },
    "UBER": {
      "medium": 0.0,
      "low": 3.8802070243631905,
      "high": 0.0
    },
    "FSLR": {
      "medium": 16.382422300489583,
      "low": 0.0,
      "high": 0.0
    },
    "TWLO": {
      "high": 0.0,
      "medium": 14.21109212987412,
      "low": 0.0
    },
    "MCHP": {
      "high": 0.0,
      "medium": 1.0541644961327012,
      "low": 0.0
    },
    "MRK": {
      "high": 0.0,
      "low": 3.2096048757347635,
      "medium": 0.0
    },
    "TECH": {
      "medium": 0.0,
      "high": 0.0,
      "low": 3.6757963968830967
    },
    "HCA": {
      "low": 32.35569999286123,
      "medium": 0.0,
      "high": 0.0
    },
    "VZ": {
      "high": 0.0,
      "low": 11.637568206620564,
      "medium": 0.0
    },
    "NKE": {
      "medium": 0.0,
      "low": 4.376400882563694,
      "high": 0.0
    },
    "EQIX": {
      "high": 0.0,
      "low": 4.5503773798486655,
      "medium": 0.0
    },
    "PLTR": {
      "medium": 24.152766833098507,
      "low": 0.0,
      "high": 0.0
    },
    "MO": {
      "medium": 0.0,
      "low": 15.26929589119513,
      "high": 0.0
    },
    "ARES": {
      "medium": 0.0,
      "high": 0.0,
      "low": 18.070227048359882
    },
    "WFC": {
      "medium": 0.0,
      "low": 4.719907139001136,
      "high": 0.0
    },
    "PEG": {
      "medium": 0.0,
      "high": 0.0,
      "low": 22.483460380613177
    },
    "KO": {
      "low": 0.421998860923347,
      "medium": 0.0,
      "high": 0.0
    },
    "SPGI": {
      "low": 0.0,
      "high": 0.0,
      "medium": 0.0
    },
    "MU": {
      "low": 0.0,
      "high": 0.0,
      "medium": 35.22893528067042
    },
    "INTC": {
      "medium": 19.185771571793488,
      "high": 0.0,
      "low": 0.0
    },
    "ROST": {
      "low": 32.236725475530896,
      "high": 0.0,
      "medium": 0.0
    },
    "AEP": {
      "medium": 0.0,
      "low": 0.0,
      "high": 0.0
    },
    "RMD": {
      "medium": 0.0,
      "high": 0.0,
      "low": 0.3133153997680751
    },
    "BLK": {
      "medium": 0.0,
      "low": 0.7751478121932166,
      "high": 0.0
    },
    "QCOM": {
      "medium": 1.3477539384308073,
      "low": 0.0,
      "high": 0.0
    },
    "BMY": {
      "low": 24.312073689925978,
      "high": 0.0,
      "medium": 0.0
    },
    "ETSY": {
      "high": 0.0,
      "low": 0.0,
      "medium": 5.044895385949067
    },
    "NFLX": {
      "high": 0.0,
      "low": 59.765157952418086,
      "medium": 0.0
    },
    "WMT": {
      "medium": 0.0,
      "low": 21.069387031349176,
      "high": 0.0
    },
    "APO": {
      "medium": 0.0,
      "low": 43.411278537960975,
      "high": 0.0
    },
    "CAT": {
      "medium": 8.058801364511462,
      "high": 0.0,
      "low": 0.0
    },
    "MA": {
      "low": 11.15150485042273,
      "medium": 0.0,
      "high": 0.0
    },
    "SHOP": {
      "high": 0.0,
      "low": 0.0,
      "medium": 46.509492729841575
    },
    "TJX": {
      "medium": 0.0,
      "high": 0.0,
      "low": 8.805907673526168
    },
    "PG": {
      "low": 3.0962873031795155,
      "high": 0.0,
      "medium": 0.0
    },
    "ESTC": {
      "low": 4.751237861429065,
      "high": 0.0,
      "medium": 0.0
    },
    "AMZN": {
      "high": 0.0,
      "medium": 0.0,
      "low": 11.832840128358225
    },
    "REGN": {
      "low": 53.88975619277222,
      "high": 0.0,
      "medium": 0.0
    },
    "CSCO": {
      "high": 0.0,
      "medium": 0.0,
      "low": 0.0
    },
    "ZS": {
      "high": 0.0,
      "medium": 0.0,
      "low": 39.175527450832085
    },
    "HD": {
      "high": 0.0,
      "medium": 0.0,
      "low": 17.75010437881202
    },
    "VMC": {
      "low": 5.39971499913806,
      "medium": 0.0,
      "high": 0.0
    },
    "ENPH": {
      "low": 0.0,
      "high": 0.0,
      "medium": 6.518451123143535
    },
    "CRWD": {
      "medium": 0.0,
      "high": 0.0,
      "low": 22.34889930468194
    },
    "EOG": {
      "medium": 0.0,
      "low": 26.757398475496462,
      "high": 0.0
    },
    "BSX": {
      "high": 0.0,
      "low": 2.9486255667213035,
      "medium": 0.0
    },
    "AMT": {
      "high": 0.0,
      "medium": 0.0,
      "low": 12.893494158767801
    },
    "PCAR": {
      "medium": 0.0,
      "low": 3.90911627251699,
      "high": 0.0
    },
    "LRCX": {
      "low": 0.0,
      "high": 0.0,
      "medium": 27.302140016011315
    },
    "AMAT": {
      "low": 26.66894163315788,
      "medium": 0.0,
      "high": 0.0
    },
    "FDX": {
      "low": 0.0,
      "medium": 0.0,
      "high": 0.0
    },
    "SRE": {
      "medium": 0.0,
      "low": 4.6760553338979784,
      "high": 0.0
    },
    "DD": {
      "medium": 0.0,
      "low": 22.833176706061945,
      "high": 0.0
    },
    "U": {
      "low": 0.0,
      "medium": 0.0,
      "high": 8.734745176887252
    },
    "PLD": {
      "low": 9.790993612682866,
      "medium": 0.0,
      "high": 0.0
    },
    "AAPL": {
      "high": 0.0,
      "medium": 0.0,
      "low": 30.664722196018143
    },
    "UNP": {
      "medium": 0.0,
      "high": 0.0,
      "low": 0.0
    },
    "GE": {
      "high": 0.0,
      "low": 28.868696791335957,
      "medium": 0.0
    },
    "BK": {
      "low": 3.949411868901298,
      "medium": 0.0,
      "high": 0.0
    },
    "RSG": {
      "medium": 0.0,
      "high": 0.0,
      "low": 5.39971499913806
    },
    "AZO": {
      "low": 4.6352291941821315,
      "medium": 0.0,
      "high": 0.0
    },
    "RIVN": {
      "medium": 0.0,
      "high": 0.0,
      "low": 0.0
    },
    "ILMN": {
      "high": 0.0,
      "low": 0.0,
      "medium": 0.0
    },
    "FCX": {
      "high": 0.0,
      "low": 17.82988449526804,
      "medium": 0.0
    },
    "SNPS": {
      "low": 9.28685864175268,
      "high": 0.0,
      "medium": 0.0
    },
    "RBLX": {
      "low": 0.0,
      "high": 0.0,
      "medium": 8.862769311948941
    },
    "ECL": {
      "medium": 0.0,
      "high": 0.0,
      "low": 2.834644072980979
    },
    "NEM": {
      "low": 0.0,
      "high": 0.0,
      "medium": 0.0
    },
    "CMG": {
      "medium": 13.161531545650973,
      "low": 0.0,
      "high": 0.0
    },
    "DUK": {
      "low": 5.2966142410871315,
      "medium": 0.0,
      "high": 0.0
    },
    "ADBE": {
      "medium": 0.0,
      "low": 15.700888191102033,
      "high": 0.0
    },
    "NSC": {
      "high": 0.0,
      "low": 6.102801775937889,
      "medium": 0.0
    },
    "CRM": {
      "high": 0.0,
      "low": 15.971502444246841,
      "medium": 0.0
    },
    "SCHW": {
      "medium": 0.0,
      "low": 3.5211025396756694,
      "high": 0.0
    },