{
  "DUK": 7.047087164352383,
  "INTU": 1.4609793238050028,
  "ABT": 1.4928809767886182,
  "AMAT": 9.263532412182768,
  "TTWO": 749.7030646106782,
  "UNH": 74.24200153444018,
  "XOM": 54.36910234228667,
  "SPG": 100.2829506554719,
  "KLAC": 7.881064903130877,
  "BNTX": 1701.8977107247945,
  "VRTX": 85.32307092142553,
  "ENPH": 10990.166209621391,
  "ADBE": 27.141377524598656,
  "AMD": 27044.2878701984,
  "AVGO": 38.12025167528734,
  "VEEV": 351.93910746485255,
  "PLTR": 1850.6584599950666,
  "AMZN": 594.1974475668233,
  "LOW": 112.29154268865143,
  "TJX": 392.08766973585665,
  "AFRM": 71.44210623841875,
  "DD": 594.6004514672686,
  "V": 234.62210489477073,
  "SCHW": 512.0204601411311,
  "NKE": 167.05928916796896,
  "ACN": 4.056261769019755,
  "PYPL": 8.390810774132927,
  "EOG": 71.02905336237417,
  "MRNA": 277.7295860421914,
  "GE": 25.762086386951296,
  "RBLX": 30.46427860974197,
  "DHI": 54.56161616161616,
  "TEAM": 641.9059686061603,
  "DE": 34.01046362622224,
  "BAC": 692.2958159527929,
  "COR": 26.019521173561145,
  "MDB": 32.74446953931654,
  "AAPL": 112.12810654408123,
  "OKTA": 32.27611758677384,
  "BX": 37.496425250410866,
  "TSLA": 1418.6280005233555,
  "ROST": 114.24564490880685,
  "NOC": 52.35573919944946,
  "HD": 120.9473251388009,
  "MPC": 590.3738073932092,
  "MO": 411.29942524491895,
  "CMI": 93.78207032383465,
  "DOCU": 23.461746428711827,
  "MA": 209.54384741273614,
  "DASH": 11.320530041436465,
  "CRM": 188.12655874465318,
  "NUE": 596.1985475447935,
  "MRK": 18.30989524050283,
  "ARES": 44.588240234155315,
  "F": 7345.723747336298,
  "UNP": 13.344634165279778,
  "META": 52.30526797716066,
  "NFLX": 3519.227162050597,
  "BIIB": 311.4851438527202,
  "BKNG": 29.859973866041734,
  "ILMN": 743.5209978809559,
  "FCX": 2330.580071039515,
  "BMY": 31.10000244360464,
  "MCK": 22.52972676910068,
  "TWLO": 26.96595059935617,
  "PM": 14.908411916395682,
  "COP": 113.82638815611712,
  "ISRG": 44.55889328683523,
  "VLO": 392.12940259751747,
  "NOW": 183.95646648899506,
  "LEN": 409.32964538168454,
  "RMD": 10.182688598357174,
  "EW": 1520.0168869140612,
  "LLY": 17.90689600388381,
  "SO": 10.073102300391106,
  "SHW": 29.509429283008792,
  "SOFI": 513.8273879596527,
  "HCA": 302.58638498212076,
  "PSA": 49.0937603585303,
  "PLUG": 443291.89596193965,
  "CB": 4.226146502751313,
  "DXCM": 1641.0498058702801,
  "LMT": 2.2310987191386795,
  "APO": 1359.530832190427,
  "MCD": 7.366722078572406,
  "RTX": 7.641071854401376,
  "GILD": 948.239708056784,
  "ETSY": 3954.2918334275705,
  "KKR": 73.38882236477063,
  "BA": 5.936089692598983,
  "CRWD": 4.439635505193579,
  "MSFT": 3.131191662431811,
  "PFE": 115.57597881380646,
  "CG": 103.02783678742188,
  "MLM": 3.511270233159103,
  "EQIX": 53.07715231833758,
  "PSX": 221.711858040003,
  "MU": 62.46749675268562,
  "LRCX": 46.50058576602564,
  "SHOP": 26663.919139691017,
  "ABBV": 46.9144870961326,
  "NET": 33.88008049137531,
  "TMUS": 362.5233543881841,
  "AZO": 2.49420017544557,
  "NEM": 32.09563906208365,
  "ORLY": 2345.210665273028,
  "SBUX": 2067.39776451091,
  "CMCSA": 910.6863734821295,
  "REGN": 1502.475400234721,
  "COIN": 24.828898093968288,
  "ROKU": 456.82835030688534,
  "CMG": 2669.9971496458893,
  "NVDA": 20820.16788204913
}