{
  "TECH": 37.37397307262245,
  "SBAC": 7.963534819071646,
  "GOOGL": 30.25755477473146,
  "ETN": 18.42642942493518,
  "UBER": 27.913242291246316,
  "C": 60.72077456435496,
  "AMD": 18410.506279727855,
  "PSX": 161.92381955871505,
  "CRWD": 89.35469358391657,
  "NOC": 96.81961575217139,
  "PG": 0.0,
  "EW": 1354.7674985610606,
  "AZO": 4.514234643760011,
  "NOW": 169.69831050680793,
  "FSLR": 55.878108286432685,
  "SPG": 92.08914175197077,
  "RMD": 8.252878170467799,
  "VRTX": 85.09532168406066,
  "VEEV": 315.7971242033975,
  "ORLY": 2292.2513539872252,
  "ROKU": 2655.3177249187825,
  "SBUX": 2482.2786476887823,
  "TWLO": 1065.555395938776,
  "CDNS": 12.849281147816592,
  "SHOP": 19639.47084902941,
  "BNTX": 5414.565155691956,
  "ZS": 487.6528448367127,
  "KKR": 112.68699744987171,
  "LMT": 47.773718916773014,
  "PLUG": 273564.32735270925,
  "GOOG": 29.552919345553374,
  "TTWO": 653.0546911686165,
  "KMI": 216.20168717198263,
  "LEN": 373.2829922564679,
  "GILD": 2061.916530708911,
  "MU": 191.06222475984086,
  "UNH": 83.65083798662018,
  "ARES": 54.95445396920856,
  "CMCSA": 1287.3846047188904,
  "RBLX": 84.02036812188099,
  "CG": 60.86646220510995,
  "HCA": 231.59040558278176,
  "ABT": 0.8819595400990258,
  "RTX": 54.95507328904038,
  "CRM": 376.68225667234685,
  "ILMN": 548.1951145253461,
  "GS": 11.18999469487756,
  "MRK": 45.13181016293458,
  "MA": 202.76434045095382,
  "MCK": 40.36464193140024,
  "WMT": 129.84730460637482,
  "PSA": 29.071248718636287,
  "LOW": 68.95933887560507,
  "BA": 33.47070165208937,
  "ISRG": 28.121145253085384,
  "BSX": 44.27641256925237,
  "MPC": 641.4445536577163,
  "OKTA": 705.420340895392,
  "TEAM": 616.4758802086661,
  "SCHW": 315.6226977010289,
  "EOG": 210.73722640105314,
  "COIN": 54.816194936301216,
  "PLTR": 4387.698308941609,
  "F": 4339.68363092924,
  "NUE": 967.4594492152081,
  "AMZN": 581.5362139281244,
  "AMGN": 2.145047366156009,
  "TMO": 4.648308966205235,
  "OXY": 546.4681825449917,
  "SO": 6.296960842705587,
  "EQIX": 78.3045252765913,
  "DUK": 4.163256047297077,
  "PYPL": 15.93340892168088,
  "AFRM": 307.4385756945677,
  "APO": 992.2176037801838,
  "ZM": 200.5712656800599,
  "GE": 697.9408207413896,
  "ADBE": 47.94383602063745,
  "NEM": 61.64485910578526,
  "PCAR": 10.415381104530292,
  "MDB": 13541.702828327481,
  "SRE": 0.0,
  "BKNG": 86.81849354465014,
  "EBAY": 22.55024932147018,
  "PH": 7.4844254010957325,
  "MSFT": 6.205417728410696,
  "MRNA": 89140.52090809897,
  "WM": 0.1433743491013204,
  "JNJ": 0.0,
  "COP": 681.8803016914145,
  "TJX": 371.3647932276613,
  "MO": 246.96385112399065,
  "NFLX": 2515.1502294795364,
  "NET": 86.16933084959054,
  "LRCX": 48.52390123250374,
  "NVDA": 45386.29374543732,
  "CMG": 5211.64697088729,
  "V": 226.95705865075084,
  "DHI": 44.61288119326535,
  "NKE": 114.70960789680606,
  "XEL": 0.0,
  "PANW": 111.78602625307676,
  "CAT": 6.495088195864817,
  "AMAT": 77.24464479447265,
  "ABBV": 40.76192358329565,
  "DXCM": 5149.390605311008,
  "DE": 33.39939313532667,
  "FCX": 6288.850780113103,
  "VLO": 312.23030982558487,
  "SHW": 58.08835991207534,
  "TMUS": 359.9231881596981,
  "ICE": 1.8341911712525836,
  "COR": 40.63186098205705,
  "AAPL": 196.86379380029624,
  "CMI": 162.09353117486725,
  "FDX": 1.1399971879517752,
  "HD": 88.46087394271984,
  "SOFI": 525.2102723510051,
  "MS": 40.91595377581171,
  "PFE": 68.27961418625048,
  "AXP": 34.40609207278086,
  "BIIB": 932.1622472502853,
  "DHR": 13.995752376804065,
  "MLM": 5.556944178507879,
  "CB": 2.4967095729061684,
  "JPM": 17.289599419068217,
  "MDT": 0.0,
  "NSC": 1.5523814026328318,
  "BX": 217.81469585965868,
  "PM": 15.918886580865255,
  "GIS": 39.49410297377478,
  "KLAC": 137.57890395638492,
  "INTU": 0.8631127816291378,
  "TSLA": 6770.740377034039,
  "ESTC": 8.685551963054033,
  "DOCU": 102.14533730328479,
  "MMM": 127.47472674402701,
  "WELL": 19.310382225941826,
  "REGN": 3346.9351817233674,
  "CSX": 21.943068189455612,
  "VMC": 7.691536065662978,
  "BAC": 419.8040548015902,
  "ROST": 156.72386547732347,
  "ACN": 2.3963456028634713,
  "BMY": 121.61814635467704,
  "LCID": 268.4566034151143,
  "AVGO": 706.403301002966,
  "UNP": 7.883701108254114,
  "CVX": 20.290314919641958,
  "MAR": 27.180459200363803,
  "DD": 803.3660811351385,
  "META": 166.11618258361187,
  "EXC": 25.57875688360231,
  "COF": 38.826224135242576,
  "DIS": 19.38979944677972,
  "ENPH": 571779.2625585303,
  "DASH": 30.11875946788657,
  "BK": 75.26239994247659,
  "LLY": 114.28883986563903,
  "K": 0.0,
  "MCD": 11.376467678681884,
  "SLB": 245.51014623778178,
  "ETSY": 5718.969465793424,
  "XOM": 150.2988648676853,
  "SNPS": 4.014123912952367
}